{
  "control": {
    "n": 10000,
    "conv": 998,
    "cr": 0.0998
  },
  "treatment": {
    "n": 10000,
    "conv": 1015,
    "cr": 0.1015
  },
  "diff_abs": 0.0017,
  "ci95": [
    -0.00664,
    0.01004
  ],
  "z": 0.3995,
  "p_value": 0.689494,
  "significant_\u03b1_0.05": false
}